{"reward_based": {"precision": 0.21311475409836064, "fallout": 0.1900990099009901, "recall": 0.9043478260869565, "f1_score": 0.3449419568822554}, "agency_based": {"precision": 0.8110236220472441, "fallout": 0.011881188118811881, "recall": 0.8956521739130435, "f1_score": 0.8512396694214877}, "hybrid_based": {"precision": 0.21836734693877552, "fallout": 0.1896039603960396, "recall": 0.9304347826086956, "f1_score": 0.3537190082644628}, "execution_time": {"mean": 12.954611295652175, "stdev": 15.05128966640589}}