{"reward_based": {"precision": 0.20851063829787234, "fallout": 0.18415841584158416, "recall": 0.8521739130434782, "f1_score": 0.335042735042735}, "agency_based": {"precision": 0.8110236220472441, "fallout": 0.011881188118811881, "recall": 0.8956521739130435, "f1_score": 0.8512396694214877}, "hybrid_based": {"precision": 0.22058823529411764, "fallout": 0.18366336633663366, "recall": 0.9130434782608695, "f1_score": 0.3553299492385787}, "execution_time": {"mean": 13.568263113043479, "stdev": 15.82740257884383}}