{"reward_based": {"precision": 0.2076749435665914, "fallout": 0.17376237623762375, "recall": 0.8, "f1_score": 0.32974910394265233}, "agency_based": {"precision": 0.8110236220472441, "fallout": 0.011881188118811881, "recall": 0.8956521739130435, "f1_score": 0.8512396694214877}, "hybrid_based": {"precision": 0.23076923076923078, "fallout": 0.17326732673267325, "recall": 0.9130434782608695, "f1_score": 0.3684210526315789}, "execution_time": {"mean": 13.258984513043478, "stdev": 15.451292035494555}}