{"reward_based": {"precision": 0.2082514734774067, "fallout": 0.19950495049504952, "recall": 0.9217391304347826, "f1_score": 0.33974358974358976}, "agency_based": {"precision": 0.8110236220472441, "fallout": 0.011881188118811881, "recall": 0.8956521739130435, "f1_score": 0.8512396694214877}, "hybrid_based": {"precision": 0.21176470588235294, "fallout": 0.19900990099009902, "recall": 0.9391304347826087, "f1_score": 0.3456}, "execution_time": {"mean": 13.717465547826087, "stdev": 15.93711812354094}}