{"reward_based": {"precision": 0.21095334685598377, "fallout": 0.19257425742574258, "recall": 0.9043478260869565, "f1_score": 0.34210526315789475}, "agency_based": {"precision": 0.8110236220472441, "fallout": 0.011881188118811881, "recall": 0.8956521739130435, "f1_score": 0.8512396694214877}, "hybrid_based": {"precision": 0.21616161616161617, "fallout": 0.19207920792079208, "recall": 0.9304347826086956, "f1_score": 0.35081967213114756}, "execution_time": {"mean": 13.827924234782609, "stdev": 16.050601989175245}}