{"reward_based": {"precision": 0.2135523613963039, "fallout": 0.1896039603960396, "recall": 0.9043478260869565, "f1_score": 0.34551495016611294}, "agency_based": {"precision": 0.8110236220472441, "fallout": 0.011881188118811881, "recall": 0.8956521739130435, "f1_score": 0.8512396694214877}, "hybrid_based": {"precision": 0.21881390593047034, "fallout": 0.1891089108910891, "recall": 0.9304347826086956, "f1_score": 0.3543046357615894}, "execution_time": {"mean": 12.61377487826087, "stdev": 14.611151653443807}}