{"reward_based": {"precision": 0.21621621621621623, "fallout": 0.18663366336633663, "recall": 0.9043478260869565, "f1_score": 0.348993288590604}, "agency_based": {"precision": 0.8110236220472441, "fallout": 0.011881188118811881, "recall": 0.8956521739130435, "f1_score": 0.8512396694214877}, "hybrid_based": {"precision": 0.22153209109730848, "fallout": 0.18613861386138614, "recall": 0.9304347826086956, "f1_score": 0.35785953177257523}, "execution_time": {"mean": 13.448066130434782, "stdev": 15.606543081852001}}