{"reward_based": {"precision": 0.2088235294117647, "fallout": 0.13316831683168318, "recall": 0.6173913043478261, "f1_score": 0.3120879120879121}, "agency_based": {"precision": 0.8110236220472441, "fallout": 0.011881188118811881, "recall": 0.8956521739130435, "f1_score": 0.8512396694214877}, "hybrid_based": {"precision": 0.2803234501347709, "fallout": 0.13217821782178218, "recall": 0.9043478260869565, "f1_score": 0.4279835390946502}, "execution_time": {"mean": 12.765945095652175, "stdev": 14.774656545559814}}