{"reward_based": {"precision": 0.18435754189944134, "fallout": 0.07227722772277227, "recall": 0.28695652173913044, "f1_score": 0.22448979591836735}, "agency_based": {"precision": 0.8110236220472441, "fallout": 0.011881188118811881, "recall": 0.8956521739130435, "f1_score": 0.8512396694214877}, "hybrid_based": {"precision": 0.40625, "fallout": 0.07524752475247524, "recall": 0.9043478260869565, "f1_score": 0.5606469002695418}, "execution_time": {"mean": 12.930369539130435, "stdev": 15.054956069932377}}