{"reward_based": {"precision": 0.16393442622950818, "fallout": 0.02524752475247525, "recall": 0.08695652173913043, "f1_score": 0.11363636363636363}, "agency_based": {"precision": 0.8110236220472441, "fallout": 0.011881188118811881, "recall": 0.8956521739130435, "f1_score": 0.8512396694214877}, "hybrid_based": {"precision": 0.6094674556213018, "fallout": 0.032673267326732675, "recall": 0.8956521739130435, "f1_score": 0.7253521126760564}, "execution_time": {"mean": 13.236922469565217, "stdev": 15.181017071945051}}