{"precision": 0.7244094488188977, "fallout": 0.017326732673267328, "recall": 0.8, "f1_score": 0.7603305785123967, "execution_time": {"mean": 148.17551369565217, "stdev": 136.4139876860381}}