{"precision": 0.8076923076923077, "fallout": 0.0024752475247524753, "recall": 0.1826086956521739, "f1_score": 0.2978723404255319, "execution_time": {"mean": 148.1520102, "stdev": 136.98583182295465}}