{"precision": 0, "fallout": 0.0, "recall": 0.0, "f1_score": 0.0, "execution_time": {"mean": 151.6267154173913, "stdev": 138.66074998062734}}