{"precision": 0.7258064516129032, "fallout": 0.016831683168316833, "recall": 0.782608695652174, "f1_score": 0.7531380753138075, "execution_time": {"mean": 146.52492607826088, "stdev": 134.55499231311222}}