{"precision": 0.7372881355932204, "fallout": 0.015346534653465346, "recall": 0.7565217391304347, "f1_score": 0.7467811158798283, "execution_time": {"mean": 148.89016289565217, "stdev": 137.17811786796503}}