{"precision": 0.7475728155339806, "fallout": 0.01287128712871287, "recall": 0.6695652173913044, "f1_score": 0.7064220183486238, "execution_time": {"mean": 147.51551468695652, "stdev": 135.8442797693471}}