{"precision": 0.7654320987654321, "fallout": 0.009405940594059406, "recall": 0.5391304347826087, "f1_score": 0.6326530612244898, "execution_time": {"mean": 147.57790946086956, "stdev": 136.72745288845343}}