{"precision": 0.7111111111111111, "fallout": 0.019306930693069307, "recall": 0.8347826086956521, "f1_score": 0.768, "execution_time": {"mean": 146.46940260869565, "stdev": 134.3757640856507}}